,target_id,mutation,n_mutations
0,ABL1_HUMAN_D0,G250R,6
1,ABL1_HUMAN_D0,E409K,6
2,ABL1_HUMAN_D0,E453Q,6
3,ABL1_HUMAN_D0,D381Y,4
4,ABL1_HUMAN_D0,Y440H,4
5,ABL1_HUMAN_D0,E453K,4
6,ABL1_HUMAN_D0,E282Q,2
7,ABL1_HUMAN_D0,L298R,2
8,ABL1_HUMAN_D0,G303R,2
9,ABL1_HUMAN_D0,Y312H,2
10,ABL1_HUMAN_D0,G321R,2
11,ABL1_HUMAN_D0,R332W,2
12,ABL1_HUMAN_D0,D363H,2
13,ABL1_HUMAN_D0,D363N,2
14,ABL1_HUMAN_D0,R367Q,2
15,ABL1_HUMAN_D0,D391N,2
16,ABL1_HUMAN_D0,P408R,2
17,ABL1_HUMAN_D0,E431K,2
18,ABL1_HUMAN_D0,A487D,2
19,BRAF_HUMAN_D0,V600E,1038
20,BRAF_HUMAN_D0,K601E,32
21,BRAF_HUMAN_D0,V600K,16
22,BRAF_HUMAN_D0,D594N,11
23,BRAF_HUMAN_D0,G466E,10
24,BRAF_HUMAN_D0,D594G,9
25,BRAF_HUMAN_D0,G469R,8
26,BRAF_HUMAN_D0,K601N,5
27,BRAF_HUMAN_D0,L597R,4
28,BRAF_HUMAN_D0,D594H,3
29,BRAF_HUMAN_D0,G596R,3
30,BRAF_HUMAN_D0,K601T,3
31,BRAF_HUMAN_D0,Q609H,3
32,BRAF_HUMAN_D0,R462T,2
33,BRAF_HUMAN_D0,G469E,2
34,BRAF_HUMAN_D0,E501K,2
35,BRAF_HUMAN_D0,L505H,2
36,BRAF_HUMAN_D0,A569D,2
37,BRAF_HUMAN_D0,V600R,2
38,BRAF_HUMAN_D0,V600D,2
39,BRAF_HUMAN_D0,Q609E,2
40,BRAF_HUMAN_D0,E648Q,2
41,BRAF_HUMAN_D0,R682Q,2
42,BRAF_HUMAN_D0,R682W,2
43,BRAF_HUMAN_D0,E695Q,2
44,BRAF_HUMAN_D0,G464E,1
45,BRAF_HUMAN_D0,G464R,1
46,BRAF_HUMAN_D0,K499T,1
47,BRAF_HUMAN_D0,K499Q,1
48,BRAF_HUMAN_D0,K499N,1
49,BRAF_HUMAN_D0,G534R,1
50,BRAF_HUMAN_D0,H539P,1
51,BRAF_HUMAN_D0,H542Y,1
52,BRAF_HUMAN_D0,H568D,1
53,BRAF_HUMAN_D0,H574Q,1
54,BRAF_HUMAN_D0,H574N,1
55,BRAF_HUMAN_D0,N581K,1
56,BRAF_HUMAN_D0,N581H,1
57,BRAF_HUMAN_D0,G596D,1
58,BRAF_HUMAN_D0,D629Y,1
59,BRAF_HUMAN_D0,Q636E,1
60,BRAF_HUMAN_D0,E695K,1
61,EGFR_HUMAN_D0,L858R,130
62,EGFR_HUMAN_D0,G719D,6
63,EGFR_HUMAN_D0,K754E,6
64,EGFR_HUMAN_D0,K754I,6
65,EGFR_HUMAN_D0,S921R,6
66,EGFR_HUMAN_D0,K714N,4
67,EGFR_HUMAN_D0,D761N,4
68,EGFR_HUMAN_D0,R803M,4
69,EGFR_HUMAN_D0,D807H,4
70,EGFR_HUMAN_D0,R832C,4
71,EGFR_HUMAN_D0,R836C,4
72,EGFR_HUMAN_D0,T847K,4
73,EGFR_HUMAN_D0,G917R,4
74,EGFR_HUMAN_D0,E967A,4
75,EGFR_HUMAN_D0,K713T,2
76,EGFR_HUMAN_D0,K737E,2
77,EGFR_HUMAN_D0,A755D,2
78,EGFR_HUMAN_D0,E758K,2
79,EGFR_HUMAN_D0,P772R,2
80,EGFR_HUMAN_D0,H773D,2
81,EGFR_HUMAN_D0,P794H,2
82,EGFR_HUMAN_D0,D800G,2
83,EGFR_HUMAN_D0,R803W,2
84,EGFR_HUMAN_D0,N842H,2
85,EGFR_HUMAN_D0,L861R,2
86,EGFR_HUMAN_D0,E866K,2
87,EGFR_HUMAN_D0,E868G,2
88,EGFR_HUMAN_D0,E872G,2
89,EGFR_HUMAN_D0,E922K,2
90,EGFR_HUMAN_D0,E928G,2
91,EGFR_HUMAN_D0,R958C,2
92,EGFR_HUMAN_D0,R962G,2
93,EGFR_HUMAN_D0,E963Q,2
94,EGFR_HUMAN_D0,R973Q,2
